-- ============================================================================
-- SGA - SYSTEME DE GESTION D'ACCES - ISGE-BF
-- LOT 1 : GESTION DES ACCES
-- Script de creation et d'alimentation de la base Oracle
-- ============================================================================

-- ============================================================================
-- 1. SUPPRESSION DES OBJETS EXISTANTS (ordre respectant les dependances)
-- ============================================================================
BEGIN EXECUTE IMMEDIATE 'DROP VIEW VUE_ACCES_DETAIL'; EXCEPTION WHEN OTHERS THEN NULL; END;
/
BEGIN EXECUTE IMMEDIATE 'DROP TABLE BADGE'; EXCEPTION WHEN OTHERS THEN NULL; END;
/
BEGIN EXECUTE IMMEDIATE 'DROP TABLE ACCES'; EXCEPTION WHEN OTHERS THEN NULL; END;
/
BEGIN EXECUTE IMMEDIATE 'DROP TABLE TYPE_ACCES'; EXCEPTION WHEN OTHERS THEN NULL; END;
/
BEGIN EXECUTE IMMEDIATE 'DROP TABLE PERSONNE'; EXCEPTION WHEN OTHERS THEN NULL; END;
/
BEGIN EXECUTE IMMEDIATE 'DROP TABLE LIEU'; EXCEPTION WHEN OTHERS THEN NULL; END;
/
BEGIN EXECUTE IMMEDIATE 'DROP TABLE PROFIL'; EXCEPTION WHEN OTHERS THEN NULL; END;
/
BEGIN EXECUTE IMMEDIATE 'DROP SEQUENCE SEQ_TYPE_ACCES'; EXCEPTION WHEN OTHERS THEN NULL; END;
/
BEGIN EXECUTE IMMEDIATE 'DROP SEQUENCE SEQ_ACCES'; EXCEPTION WHEN OTHERS THEN NULL; END;
/

-- ============================================================================
-- 2. CREATION DES TABLES
-- ============================================================================

-- ---------------------------------------------------------------------------
-- Table PROFIL (partie commune - reference Lot 2, minimum 3 profils requis)
-- ---------------------------------------------------------------------------
CREATE TABLE PROFIL
(
    id_profil       NUMBER GENERATED BY DEFAULT AS IDENTITY,
    libelle_profil  VARCHAR2(50)  NOT NULL,
    description     VARCHAR2(255),
    CONSTRAINT      pk_profil PRIMARY KEY (id_profil),
    CONSTRAINT      uq_libelle_profil UNIQUE (libelle_profil)
);

-- ---------------------------------------------------------------------------
-- Table PERSONNE (partie commune - authentification, CF-07 : hash SHA-256)
-- ---------------------------------------------------------------------------
CREATE TABLE PERSONNE
(
    id_personne     NUMBER GENERATED BY DEFAULT AS IDENTITY,
    nom             VARCHAR2(100) NOT NULL,
    prenom          VARCHAR2(100) NOT NULL,
    fonction        VARCHAR2(100),
    login           VARCHAR2(50),
    mot_de_passe    VARCHAR2(64), -- hash SHA-256 (64 caracteres hexadecimaux)
    statut          VARCHAR2(20)  DEFAULT 'ACTIF' NOT NULL,
    id_profil       NUMBER,
    CONSTRAINT      pk_personne PRIMARY KEY (id_personne),
    CONSTRAINT      fk_personne_id_profil FOREIGN KEY (id_profil) REFERENCES PROFIL(id_profil),
    CONSTRAINT      chk_personne_statut CHECK (statut IN ('ACTIF', 'INACTIF')),
    CONSTRAINT      uq_personne_login UNIQUE (login)
);

-- ---------------------------------------------------------------------------
-- Table LIEU (partie commune - LECTURE SEULE pour le Lot 1, cf. FL16)
-- Structure conforme au MCD officiel : colonne "libelle" (pas "libelle_lieu"),
-- statut CHAR(1) IN ('O','F') (Ouvert / Ferme)
-- ---------------------------------------------------------------------------
CREATE TABLE LIEU
(
    id_lieu         NUMBER(10)    NOT NULL,
    libelle         VARCHAR2(150) NOT NULL,
    emplacement     VARCHAR2(200),
    horaires        VARCHAR2(200),
    capacite_max    NUMBER(5),
    statut          CHAR(1)       NOT NULL,
    date_creation   DATE          DEFAULT SYSDATE NOT NULL,
    CONSTRAINT      pk_lieu PRIMARY KEY (id_lieu),
    CONSTRAINT      chk_lieu_statut CHECK (statut IN ('O', 'F'))
);

-- ---------------------------------------------------------------------------
-- Table TYPE_ACCES (Lot 1 - Module A)
-- PK alimentee par SEQ_TYPE_ACCES.NEXTVAL (cf. FL02), pas d'IDENTITY :
-- le code Java doit fournir explicitement la valeur de sequence dans l'INSERT.
-- ---------------------------------------------------------------------------
CREATE TABLE TYPE_ACCES
(
    id_type_acces   NUMBER(10)    NOT NULL,
    libelle         VARCHAR2(100) NOT NULL,
    description     VARCHAR2(300),
    statut          CHAR(1)       DEFAULT 'A' NOT NULL,
    date_creation   DATE          DEFAULT SYSDATE NOT NULL,
    CONSTRAINT      pk_type_acces PRIMARY KEY (id_type_acces),
    CONSTRAINT      uq_type_acces_libelle UNIQUE (libelle),
    CONSTRAINT      chk_type_acces_statut CHECK (statut IN ('A', 'I'))
);

-- ---------------------------------------------------------------------------
-- Table ACCES (Lot 1 - Module B)
-- PK alimentee par SEQ_ACCES.NEXTVAL (cf. FL11), pas d'IDENTITY.
-- CF-01 : id_lieu NOT NULL (un acces n'appartient qu'a un seul lieu)
-- ---------------------------------------------------------------------------
CREATE TABLE ACCES
(
    id_acces           NUMBER(10)    NOT NULL,
    libelle            VARCHAR2(150) NOT NULL,
    description        VARCHAR2(300),
    id_type_acces      NUMBER(10)    NOT NULL,
    id_lieu            NUMBER(10)    NOT NULL,
    statut             CHAR(1)       DEFAULT 'A' NOT NULL,
    date_creation      DATE          DEFAULT SYSDATE NOT NULL,
    date_modification  DATE,
    CONSTRAINT         pk_acces PRIMARY KEY (id_acces),
    CONSTRAINT         fk_acces_id_type FOREIGN KEY (id_type_acces) REFERENCES TYPE_ACCES(id_type_acces),
    CONSTRAINT         fk_acces_id_lieu FOREIGN KEY (id_lieu) REFERENCES LIEU(id_lieu),
    CONSTRAINT         chk_acces_statut CHECK (statut IN ('A', 'I'))
);

-- ---------------------------------------------------------------------------
-- Table BADGE (partie commune)
-- ---------------------------------------------------------------------------
CREATE TABLE BADGE
(
    num_badge       VARCHAR2(50)  NOT NULL,
    date_emission   DATE          DEFAULT SYSDATE NOT NULL,
    date_expiration DATE          NOT NULL,
    statut          VARCHAR2(20)  DEFAULT 'ACTIF' NOT NULL,
    id_personne     NUMBER        NOT NULL,
    id_lieu         NUMBER(10)    NOT NULL,
    CONSTRAINT      pk_badge PRIMARY KEY (num_badge),
    CONSTRAINT      fk_badge_id_personne FOREIGN KEY (id_personne) REFERENCES PERSONNE(id_personne),
    CONSTRAINT      fk_badge_id_lieu FOREIGN KEY (id_lieu) REFERENCES LIEU(id_lieu),
    CONSTRAINT      chk_badge_statut CHECK (statut IN ('ACTIF', 'SUSPENDU', 'EXPIRE', 'REVOQUE')),
    CONSTRAINT      chk_badge_dates CHECK (date_expiration > date_emission)
);

-- ============================================================================
-- 3. CREATION DES SEQUENCES (requises par FL02 et FL11)
-- ============================================================================
CREATE SEQUENCE SEQ_TYPE_ACCES START WITH 1 INCREMENT BY 1 NOCACHE;
CREATE SEQUENCE SEQ_ACCES       START WITH 1 INCREMENT BY 1 NOCACHE;

-- ============================================================================
-- 4. CREATION DES INDEX D'OPTIMISATION
-- ============================================================================
CREATE INDEX IDX_ACCES_TYPE   ON ACCES(id_type_acces);
CREATE INDEX IDX_ACCES_LIEU   ON ACCES(id_lieu);
CREATE INDEX IDX_ACCES_STATUT ON ACCES(statut);

-- ============================================================================
-- 5. CREATION DES TRIGGERS
-- ============================================================================

-- CF-06 : horodatage automatique de la modification par trigger Oracle
-- (et non par l'application -> garantit l'integrite meme en cas de mise a
-- jour SQL directe hors application)
CREATE OR REPLACE TRIGGER TRG_ACCES_MODIF
BEFORE UPDATE ON ACCES
FOR EACH ROW
BEGIN
    :NEW.date_modification := SYSDATE;
END;
/

-- Mise en majuscule systematique du libelle pour garantir l'unicite
-- insensible a la casse (complement applicatif a la contrainte UNIQUE)
CREATE OR REPLACE TRIGGER TRG_TYPE_ACCES_UPPER
BEFORE INSERT OR UPDATE ON TYPE_ACCES
FOR EACH ROW
BEGIN
    :NEW.libelle := UPPER(:NEW.libelle);
END;
/

-- ============================================================================
-- 6. CREATION DE LA VUE DETAILLEE DES ACCES
-- ============================================================================
CREATE OR REPLACE VIEW VUE_ACCES_DETAIL AS
SELECT
    a.id_acces,
    a.libelle,
    a.description,
    ta.libelle AS type_acces,
    l.libelle  AS lieu,
    a.statut,
    a.date_creation,
    a.date_modification
FROM ACCES a
JOIN TYPE_ACCES ta ON ta.id_type_acces = a.id_type_acces
JOIN LIEU l        ON l.id_lieu = a.id_lieu
WHERE a.statut = 'A';
/

-- ============================================================================
-- 7. JEU DE DONNEES DE TEST (minima imposes : 10 personnes, 5 lieux,
--    5 types d'acces, 8 points d'acces, 3 profils)
-- ============================================================================

-- --- PROFIL (5 fournis, minimum 3 requis) -----------------------------------
INSERT INTO PROFIL (libelle_profil, description) VALUES ('ADMINISTRATEUR', 'Gestion complete du systeme et des acces');
INSERT INTO PROFIL (libelle_profil, description) VALUES ('AGENT_SECURITE', 'Consultation et controle des acces en temps reel');
INSERT INTO PROFIL (libelle_profil, description) VALUES ('DSI', 'Responsable informatique avec droits de lecture globaux');
INSERT INTO PROFIL (libelle_profil, description) VALUES ('ETUDIANT', 'Acces restreint aux salles de cours et labos');
INSERT INTO PROFIL (libelle_profil, description) VALUES ('ENSEIGNANT', 'Acces aux salles de cours, bureaux et labos');

-- --- PERSONNE (10 requis) ----------------------------------------------------
-- Convention de test : mot de passe identique au login (sauf admin/agent/dsi)
-- login        | mot de passe | hash SHA-256 (verifie)
-- admin        | admin        | 8c6976e5b5410415bde908bd4dee15dfb167a9c873fc4bb8a81f6f2ab448a918
-- agent        | agent        | d4f0bc5a29de06b510f9aa428f1eedba926012b591fef7a518e776a7c9bd1824
-- dsi          | dsi          | c8b8e57e7471cb8dd918801e517391c41011975f4f5d7fbe4bc5f80435fe12b4
-- traore.s     | traore.s     | 867cb3736ba2ba06f8ce9b4207ef2334fff77c85f1efe326a8be742e91ef0941
-- kabore.f     | kabore.f     | c7acf6901a2d06c79bb68d5f63f9dac4d59e46882e6430ce19506edb94315cfc
-- sow.i        | sow.i        | ae73c6d6599b4664e7bb41a50acadf2519ad26412265c3e903481bb3c2a53cb3
-- zongo.m      | zongo.m      | 50bfcb178d337bac723e3f03e1bcf2d4e85332db8d03517742f576d7065f2044
-- compaore.p   | compaore.p   | 6bb3c90e8af1a14c487cc1992b5991aa1791c2ffc2744b1d73361369cd4b3711
-- diarra.a     | agent        | d4f0bc5a29de06b510f9aa428f1eedba926012b591fef7a518e776a7c9bd1824 (role partage avec 'agent')
-- sawadogo.a   | sawadogo.a   | 857be33c32aa11d06046044d20a9b10f97120c1c674eb75f9e76d5ec4941393c (statut INACTIF volontaire)
INSERT INTO PERSONNE (nom, prenom, fonction, login, mot_de_passe, statut, id_profil)
VALUES ('OUEDRAOGO', 'Askia', 'Admin SGA', 'admin', '8c6976e5b5410415bde908bd4dee15dfb167a9c873fc4bb8a81f6f2ab448a918', 'ACTIF', 1);

INSERT INTO PERSONNE (nom, prenom, fonction, login, mot_de_passe, statut, id_profil)
VALUES ('GUIGMA', 'Christophe', 'Garde Poste', 'agent', 'd4f0bc5a29de06b510f9aa428f1eedba926012b591fef7a518e776a7c9bd1824', 'ACTIF', 2);

INSERT INTO PERSONNE (nom, prenom, fonction, login, mot_de_passe, statut, id_profil)
VALUES ('NAGALO', 'Alexis', 'Directeur SI', 'dsi', 'c8b8e57e7471cb8dd918801e517391c41011975f4f5d7fbe4bc5f80435fe12b4', 'ACTIF', 3);

INSERT INTO PERSONNE (nom, prenom, fonction, login, mot_de_passe, statut, id_profil)
VALUES ('TRAORE', 'Souleymane', 'Etudiant IC1', 'traore.s', '867cb3736ba2ba06f8ce9b4207ef2334fff77c85f1efe326a8be742e91ef0941', 'ACTIF', 4);

INSERT INTO PERSONNE (nom, prenom, fonction, login, mot_de_passe, statut, id_profil)
VALUES ('KABORE', 'Fatoumata', 'Etudiante IC1', 'kabore.f', 'c7acf6901a2d06c79bb68d5f63f9dac4d59e46882e6430ce19506edb94315cfc', 'ACTIF', 4);

INSERT INTO PERSONNE (nom, prenom, fonction, login, mot_de_passe, statut, id_profil)
VALUES ('SOW', 'Ibrahim', 'Enseignant Electricite', 'sow.i', 'ae73c6d6599b4664e7bb41a50acadf2519ad26412265c3e903481bb3c2a53cb3', 'ACTIF', 5);

INSERT INTO PERSONNE (nom, prenom, fonction, login, mot_de_passe, statut, id_profil)
VALUES ('ZONGO', 'Mariam', 'Secretaire', 'zongo.m', '50bfcb178d337bac723e3f03e1bcf2d4e85332db8d03517742f576d7065f2044', 'ACTIF', NULL);

INSERT INTO PERSONNE (nom, prenom, fonction, login, mot_de_passe, statut, id_profil)
VALUES ('COMPAORE', 'Pierre', 'Technicien', 'compaore.p', '6bb3c90e8af1a14c487cc1992b5991aa1791c2ffc2744b1d73361369cd4b3711', 'ACTIF', NULL);

INSERT INTO PERSONNE (nom, prenom, fonction, login, mot_de_passe, statut, id_profil)
VALUES ('DIARRA', 'Amadou', 'Agent Securite Nuit', 'diarra.a', 'd4f0bc5a29de06b510f9aa428f1eedba926012b591fef7a518e776a7c9bd1824', 'ACTIF', 2);

INSERT INTO PERSONNE (nom, prenom, fonction, login, mot_de_passe, statut, id_profil)
VALUES ('SAWADOGO', 'Adama', 'Stagiaire', 'sawadogo.a', '857be33c32aa11d06046044d20a9b10f97120c1c674eb75f9e76d5ec4941393c', 'INACTIF', NULL);

-- --- LIEU (5 requis) ----------------------------------------------------------
-- id_lieu fourni explicitement (pas de sequence dediee specifiee pour LIEU)
INSERT INTO LIEU (id_lieu, libelle, emplacement, horaires, capacite_max, statut, date_creation)
VALUES (1, 'Salle A101 (Cours)', 'Batiment Principal 1er etage', '08h-18h', 50, 'O', SYSDATE);
INSERT INTO LIEU (id_lieu, libelle, emplacement, horaires, capacite_max, statut, date_creation)
VALUES (2, 'Labo Reseaux', 'Bloc B RDC', '08h-20h', 20, 'O', SYSDATE);
INSERT INTO LIEU (id_lieu, libelle, emplacement, horaires, capacite_max, statut, date_creation)
VALUES (3, 'Parking Nord', 'Exterieur cote administratif', '24h/24', 100, 'O', SYSDATE);
INSERT INTO LIEU (id_lieu, libelle, emplacement, horaires, capacite_max, statut, date_creation)
VALUES (4, 'Administration', 'Batiment A RDC', '07h30-17h30', 15, 'O', SYSDATE);
INSERT INTO LIEU (id_lieu, libelle, emplacement, horaires, capacite_max, statut, date_creation)
VALUES (5, 'Salle des Serveurs', 'Sous-sol Bloc A', '24h/24', 2, 'O', SYSDATE);

-- --- TYPE_ACCES (5 requis, format d'INSERT conforme a FL02) -------------------
INSERT INTO TYPE_ACCES (id_type_acces, libelle, description, date_creation)
VALUES (SEQ_TYPE_ACCES.NEXTVAL, 'PORTE', 'Porte battante avec verrouillage magnetique', SYSDATE);
INSERT INTO TYPE_ACCES (id_type_acces, libelle, description, date_creation)
VALUES (SEQ_TYPE_ACCES.NEXTVAL, 'BARRIERE', 'Barriere levante automatique', SYSDATE);
INSERT INTO TYPE_ACCES (id_type_acces, libelle, description, date_creation)
VALUES (SEQ_TYPE_ACCES.NEXTVAL, 'PORTILLON', 'Portillon pivotant de securite', SYSDATE);
INSERT INTO TYPE_ACCES (id_type_acces, libelle, description, date_creation)
VALUES (SEQ_TYPE_ACCES.NEXTVAL, 'PARKING', 'Portail d''entree de parking avec detecteur de boucle', SYSDATE);
INSERT INTO TYPE_ACCES (id_type_acces, libelle, description, date_creation)
VALUES (SEQ_TYPE_ACCES.NEXTVAL, 'ASCENSEUR', 'Controle d''acces par badge dans la cabine d''ascenseur', SYSDATE);

-- --- ACCES (8 requis, format d'INSERT conforme a FL11) ------------------------
-- Rappel mapping TYPE_ACCES : 1=PORTE, 2=BARRIERE, 3=PORTILLON, 4=PARKING, 5=ASCENSEUR
-- Rappel mapping LIEU       : 1=Salle A101, 2=Labo Reseaux, 3=Parking Nord, 4=Administration, 5=Salle Serveurs
INSERT INTO ACCES (id_acces, libelle, description, id_type_acces, id_lieu, statut, date_creation)
VALUES (SEQ_ACCES.NEXTVAL, 'Porte Principale Entree A', 'Entree principale de l''administration', 1, 4, 'A', SYSDATE);
INSERT INTO ACCES (id_acces, libelle, description, id_type_acces, id_lieu, statut, date_creation)
VALUES (SEQ_ACCES.NEXTVAL, 'Barriere Vehicules Nord', 'Barriere d''acces au parking', 2, 3, 'A', SYSDATE);
INSERT INTO ACCES (id_acces, libelle, description, id_type_acces, id_lieu, statut, date_creation)
VALUES (SEQ_ACCES.NEXTVAL, 'Portillon Pietons Administration', 'Acces pieton filtre', 3, 4, 'A', SYSDATE);
INSERT INTO ACCES (id_acces, libelle, description, id_type_acces, id_lieu, statut, date_creation)
VALUES (SEQ_ACCES.NEXTVAL, 'Ascenseur Batiment Principal', 'Controle cabine ascenseur', 5, 1, 'A', SYSDATE);
INSERT INTO ACCES (id_acces, libelle, description, id_type_acces, id_lieu, statut, date_creation)
VALUES (SEQ_ACCES.NEXTVAL, 'Porte Labo Reseaux', 'Porte d''acces au labo', 1, 2, 'A', SYSDATE);
INSERT INTO ACCES (id_acces, libelle, description, id_type_acces, id_lieu, statut, date_creation)
VALUES (SEQ_ACCES.NEXTVAL, 'Porte Blindee Serveurs', 'Securite renforcee salle serveurs', 1, 5, 'A', SYSDATE);
INSERT INTO ACCES (id_acces, libelle, description, id_type_acces, id_lieu, statut, date_creation)
VALUES (SEQ_ACCES.NEXTVAL, 'Portail Sortie Parking', 'Portail de sortie automatique', 4, 3, 'A', SYSDATE);
INSERT INTO ACCES (id_acces, libelle, description, id_type_acces, id_lieu, statut, date_creation)
VALUES (SEQ_ACCES.NEXTVAL, 'Porte Secours A101', 'Porte de sortie de secours', 1, 1, 'A', SYSDATE);

-- --- BADGE (jeu de test pour liaisons PERSONNE/LIEU) ---------------------------
INSERT INTO BADGE (num_badge, date_emission, date_expiration, statut, id_personne, id_lieu)
VALUES ('B-1001', SYSDATE, SYSDATE + 365, 'ACTIF', 1, 4);
INSERT INTO BADGE (num_badge, date_emission, date_expiration, statut, id_personne, id_lieu)
VALUES ('B-1002', SYSDATE, SYSDATE + 365, 'ACTIF', 2, 4);
INSERT INTO BADGE (num_badge, date_emission, date_expiration, statut, id_personne, id_lieu)
VALUES ('B-1003', SYSDATE, SYSDATE + 365, 'ACTIF', 3, 5);

COMMIT;
/

